feature,mean_abs_shap,model,rank
ph,0.011715102907100802,LogisticRegression,1
Solids,0.008386286803578209,LogisticRegression,2
Organic_carbon,0.005196891160625728,LogisticRegression,3
Chloramines,0.005006862443047133,LogisticRegression,4
Conductivity,0.004682289075441963,LogisticRegression,5
Turbidity,0.0037328287629226253,LogisticRegression,6
Hardness,0.002263270953204573,LogisticRegression,7
Trihalomethanes,0.002079052684098229,LogisticRegression,8
Sulfate,0.0018922547187679908,LogisticRegression,9
